parameters,0
slope,3.3606533099926983
intercept,0.035436662042145635
sigma,0.06280994660137046
