parameters,0
poll_slope,1.012649480671187
poll_intercept,0.1308036597998634
poll_sigma,1.0855432853739888
