parameters,0
poll_slope,1.0123603660553924
poll_intercept,0.14440353355609103
poll_sigma,1.0844733479881563
